-- phpMyAdmin SQL Dump
-- version 4.5.1
-- http://www.phpmyadmin.net
--
-- Host: 127.0.0.1
-- Generation Time: Feb 25, 2017 at 12:02 AM
-- Server version: 10.1.13-MariaDB
-- PHP Version: 5.6.23

SET SQL_MODE = "NO_AUTO_VALUE_ON_ZERO";
SET time_zone = "+00:00";


/*!40101 SET @OLD_CHARACTER_SET_CLIENT=@@CHARACTER_SET_CLIENT */;
/*!40101 SET @OLD_CHARACTER_SET_RESULTS=@@CHARACTER_SET_RESULTS */;
/*!40101 SET @OLD_COLLATION_CONNECTION=@@COLLATION_CONNECTION */;
/*!40101 SET NAMES utf8mb4 */;

--
-- Database: `penggajianandrian`
--

-- --------------------------------------------------------

--
-- Table structure for table `golongans`
--

CREATE TABLE `golongans` (
  `id` int(10) UNSIGNED NOT NULL,
  `kode_golongan` varchar(255) COLLATE utf8_unicode_ci NOT NULL,
  `nama_golongan` varchar(255) COLLATE utf8_unicode_ci NOT NULL,
  `besaran_uang` int(11) NOT NULL,
  `created_at` timestamp NULL DEFAULT NULL,
  `updated_at` timestamp NULL DEFAULT NULL
) ENGINE=InnoDB DEFAULT CHARSET=utf8 COLLATE=utf8_unicode_ci;

--
-- Dumping data for table `golongans`
--

INSERT INTO `golongans` (`id`, `kode_golongan`, `nama_golongan`, `besaran_uang`, `created_at`, `updated_at`) VALUES
(1, 'KG1', 'Golongan I', 25000, '2017-02-20 19:02:44', '2017-02-21 03:02:30'),
(2, 'KG2', 'Golongan II', 50000, '2017-02-21 18:10:25', '2017-02-21 18:10:25'),
(3, 'KG3', 'Golongan III', 100000, '2017-02-22 08:50:34', '2017-02-24 02:57:46');

-- --------------------------------------------------------

--
-- Table structure for table `jabatans`
--

CREATE TABLE `jabatans` (
  `id` int(10) UNSIGNED NOT NULL,
  `kode_jabatan` varchar(255) COLLATE utf8_unicode_ci NOT NULL,
  `nama_jabatan` varchar(255) COLLATE utf8_unicode_ci NOT NULL,
  `besaran_uang` int(11) NOT NULL,
  `created_at` timestamp NULL DEFAULT NULL,
  `updated_at` timestamp NULL DEFAULT NULL
) ENGINE=InnoDB DEFAULT CHARSET=utf8 COLLATE=utf8_unicode_ci;

--
-- Dumping data for table `jabatans`
--

INSERT INTO `jabatans` (`id`, `kode_jabatan`, `nama_jabatan`, `besaran_uang`, `created_at`, `updated_at`) VALUES
(1, 'KJ2', 'Direktur', 50000, '2017-02-20 19:42:50', '2017-02-20 19:43:26'),
(2, 'KJ1', 'Manager', 40000, '2017-02-20 20:03:42', '2017-02-21 18:09:41'),
(3, 'KJ3', 'Staff', 10000, '2017-02-22 08:52:44', '2017-02-22 08:52:44');

-- --------------------------------------------------------

--
-- Table structure for table `kategori_lemburs`
--

CREATE TABLE `kategori_lemburs` (
  `id` int(10) UNSIGNED NOT NULL,
  `kode_lembur` varchar(255) COLLATE utf8_unicode_ci NOT NULL,
  `jabatan_id` int(10) UNSIGNED NOT NULL,
  `golongan_id` int(10) UNSIGNED NOT NULL,
  `besaran_uang` int(11) NOT NULL,
  `created_at` timestamp NULL DEFAULT NULL,
  `updated_at` timestamp NULL DEFAULT NULL
) ENGINE=InnoDB DEFAULT CHARSET=utf8 COLLATE=utf8_unicode_ci;

--
-- Dumping data for table `kategori_lemburs`
--

INSERT INTO `kategori_lemburs` (`id`, `kode_lembur`, `jabatan_id`, `golongan_id`, `besaran_uang`, `created_at`, `updated_at`) VALUES
(1, 'KL1', 2, 2, 50000, '2017-02-20 19:45:25', '2017-02-21 18:37:25'),
(3, 'KL2', 1, 1, 100000, '2017-02-21 18:16:47', '2017-02-24 04:04:02'),
(6, 'KL3', 2, 3, 15000, '2017-02-24 04:03:39', '2017-02-24 04:25:13');

-- --------------------------------------------------------

--
-- Table structure for table `lembur_pegawais`
--

CREATE TABLE `lembur_pegawais` (
  `id` int(10) UNSIGNED NOT NULL,
  `kode_lembur_id` int(10) UNSIGNED NOT NULL,
  `pegawai_id` int(10) UNSIGNED NOT NULL,
  `jumlah_jam` int(11) NOT NULL,
  `created_at` timestamp NULL DEFAULT NULL,
  `updated_at` timestamp NULL DEFAULT NULL
) ENGINE=InnoDB DEFAULT CHARSET=utf8 COLLATE=utf8_unicode_ci;

--
-- Dumping data for table `lembur_pegawais`
--

INSERT INTO `lembur_pegawais` (`id`, `kode_lembur_id`, `pegawai_id`, `jumlah_jam`, `created_at`, `updated_at`) VALUES
(11, 3, 14, 5, '2017-02-23 09:38:35', '2017-02-23 09:38:35'),
(15, 3, 14, 5, '2017-02-24 02:10:01', '2017-02-24 02:10:01'),
(16, 1, 15, 5, '2017-02-24 02:10:29', '2017-02-24 02:10:29');

-- --------------------------------------------------------

--
-- Table structure for table `migrations`
--

CREATE TABLE `migrations` (
  `id` int(10) UNSIGNED NOT NULL,
  `migration` varchar(255) COLLATE utf8_unicode_ci NOT NULL,
  `batch` int(11) NOT NULL
) ENGINE=InnoDB DEFAULT CHARSET=utf8 COLLATE=utf8_unicode_ci;

--
-- Dumping data for table `migrations`
--

INSERT INTO `migrations` (`id`, `migration`, `batch`) VALUES
(1, '2014_10_12_000000_create_users_table', 1),
(2, '2014_10_12_100000_create_password_resets_table', 1),
(3, '2017_01_30_085241_create_golongans_table', 1),
(4, '2017_01_30_085435_create_jabatans_table', 1),
(5, '2017_01_30_085453_create_kategori_lemburs_table', 1),
(6, '2017_01_30_085738_create_tunjangans_table', 1),
(7, '2017_01_30_085840_create_pegawais_table', 1),
(8, '2017_01_30_085841_create_lembur_pegawais_table', 1),
(9, '2017_01_30_090049_create_tunjangan_pegawais_table', 1),
(10, '2017_01_30_090139_create_penggajians_table', 1);

-- --------------------------------------------------------

--
-- Table structure for table `password_resets`
--

CREATE TABLE `password_resets` (
  `email` varchar(255) COLLATE utf8_unicode_ci NOT NULL,
  `token` varchar(255) COLLATE utf8_unicode_ci NOT NULL,
  `created_at` timestamp NULL DEFAULT NULL
) ENGINE=InnoDB DEFAULT CHARSET=utf8 COLLATE=utf8_unicode_ci;

-- --------------------------------------------------------

--
-- Table structure for table `pegawais`
--

CREATE TABLE `pegawais` (
  `id` int(10) UNSIGNED NOT NULL,
  `nip` int(11) NOT NULL,
  `user_id` int(10) UNSIGNED NOT NULL,
  `jabatan_id` int(10) UNSIGNED NOT NULL,
  `golongan_id` int(10) UNSIGNED NOT NULL,
  `photo` varchar(255) COLLATE utf8_unicode_ci NOT NULL,
  `created_at` timestamp NULL DEFAULT NULL,
  `updated_at` timestamp NULL DEFAULT NULL
) ENGINE=InnoDB DEFAULT CHARSET=utf8 COLLATE=utf8_unicode_ci;

--
-- Dumping data for table `pegawais`
--

INSERT INTO `pegawais` (`id`, `nip`, `user_id`, `jabatan_id`, `golongan_id`, `photo`, `created_at`, `updated_at`) VALUES
(14, 141510172, 19, 1, 1, 'Adam Kusumah_fg.jpg', '2017-02-23 09:27:42', '2017-02-23 09:27:42'),
(15, 141510171, 20, 2, 2, 'Andrian_pacman.png', '2017-02-23 09:44:49', '2017-02-23 09:44:49'),
(16, 141510177, 21, 2, 3, 'Asep Rijal_kl.jpg', '2017-02-24 04:24:27', '2017-02-24 04:24:27');

-- --------------------------------------------------------

--
-- Table structure for table `penggajians`
--

CREATE TABLE `penggajians` (
  `id` int(10) UNSIGNED NOT NULL,
  `tunjangan_pegawai_id` int(10) UNSIGNED NOT NULL,
  `jumlah_jam_lembur` int(11) NOT NULL,
  `jumlah_uang_lembur` int(11) NOT NULL,
  `gaji_pokok` int(11) NOT NULL,
  `total_gaji` int(11) NOT NULL,
  `tanggal_pengambilan` date DEFAULT NULL,
  `status_pengambilan` tinyint(1) DEFAULT NULL,
  `petugas_penerima` varchar(255) COLLATE utf8_unicode_ci DEFAULT NULL,
  `created_at` timestamp NULL DEFAULT NULL,
  `updated_at` timestamp NULL DEFAULT NULL
) ENGINE=InnoDB DEFAULT CHARSET=utf8 COLLATE=utf8_unicode_ci;

--
-- Dumping data for table `penggajians`
--

INSERT INTO `penggajians` (`id`, `tunjangan_pegawai_id`, `jumlah_jam_lembur`, `jumlah_uang_lembur`, `gaji_pokok`, `total_gaji`, `tanggal_pengambilan`, `status_pengambilan`, `petugas_penerima`, `created_at`, `updated_at`) VALUES
(23, 9, 5, 250000, 90000, 490000, NULL, 0, NULL, '2017-02-24 06:37:53', '2017-02-24 06:37:53'),
(24, 8, 10, 1000000, 75000, 1125000, NULL, 0, NULL, '2017-02-24 06:43:28', '2017-02-24 06:43:28'),
(25, 10, 0, 0, 140000, 240000, NULL, 0, NULL, '2017-02-24 06:43:55', '2017-02-24 06:43:55');

-- --------------------------------------------------------

--
-- Table structure for table `tunjangans`
--

CREATE TABLE `tunjangans` (
  `id` int(10) UNSIGNED NOT NULL,
  `kode_tunjangan` varchar(255) COLLATE utf8_unicode_ci NOT NULL,
  `jabatan_id` int(10) UNSIGNED NOT NULL,
  `golongan_id` int(10) UNSIGNED NOT NULL,
  `status` varchar(255) COLLATE utf8_unicode_ci NOT NULL,
  `jumlah_anak` int(11) NOT NULL,
  `besaran_uang` int(11) NOT NULL,
  `created_at` timestamp NULL DEFAULT NULL,
  `updated_at` timestamp NULL DEFAULT NULL
) ENGINE=InnoDB DEFAULT CHARSET=utf8 COLLATE=utf8_unicode_ci;

--
-- Dumping data for table `tunjangans`
--

INSERT INTO `tunjangans` (`id`, `kode_tunjangan`, `jabatan_id`, `golongan_id`, `status`, `jumlah_anak`, `besaran_uang`, `created_at`, `updated_at`) VALUES
(1, 'KT1', 1, 1, 'Lajang', 0, 50000, '2017-02-20 21:58:58', '2017-02-24 04:26:56'),
(4, 'KT2', 2, 2, 'Lajang', 2, 150000, '2017-02-24 04:14:24', '2017-02-24 04:26:21'),
(5, 'KT3', 2, 3, 'Menikah', 3, 100000, '2017-02-24 04:15:09', '2017-02-24 04:26:11');

-- --------------------------------------------------------

--
-- Table structure for table `tunjangan_pegawais`
--

CREATE TABLE `tunjangan_pegawais` (
  `id` int(10) UNSIGNED NOT NULL,
  `kode_tunjangan_id` int(10) UNSIGNED NOT NULL,
  `pegawai_id` int(10) UNSIGNED NOT NULL,
  `created_at` timestamp NULL DEFAULT NULL,
  `updated_at` timestamp NULL DEFAULT NULL
) ENGINE=InnoDB DEFAULT CHARSET=utf8 COLLATE=utf8_unicode_ci;

--
-- Dumping data for table `tunjangan_pegawais`
--

INSERT INTO `tunjangan_pegawais` (`id`, `kode_tunjangan_id`, `pegawai_id`, `created_at`, `updated_at`) VALUES
(8, 1, 14, '2017-02-24 04:17:07', '2017-02-24 04:17:07'),
(9, 4, 15, '2017-02-24 04:42:33', '2017-02-24 04:42:33'),
(10, 5, 16, '2017-02-24 04:42:51', '2017-02-24 04:42:51');

-- --------------------------------------------------------

--
-- Table structure for table `users`
--

CREATE TABLE `users` (
  `id` int(10) UNSIGNED NOT NULL,
  `name` varchar(255) COLLATE utf8_unicode_ci NOT NULL,
  `email` varchar(255) COLLATE utf8_unicode_ci NOT NULL,
  `permission` varchar(255) COLLATE utf8_unicode_ci NOT NULL,
  `password` varchar(255) COLLATE utf8_unicode_ci NOT NULL,
  `remember_token` varchar(100) COLLATE utf8_unicode_ci DEFAULT NULL,
  `created_at` timestamp NULL DEFAULT NULL,
  `updated_at` timestamp NULL DEFAULT NULL
) ENGINE=InnoDB DEFAULT CHARSET=utf8 COLLATE=utf8_unicode_ci;

--
-- Dumping data for table `users`
--

INSERT INTO `users` (`id`, `name`, `email`, `permission`, `password`, `remember_token`, `created_at`, `updated_at`) VALUES
(1, 'ADMIN', 'admin@gmail.com', 'Admin', '$2y$10$M/jPdUPqCvnRPrE6cfiv6OMgwKPWafSlvCd3cXB7xNblmQeLy5Dru', 'yCDjQBePUcDEvCeMh8UDCTwUpADjYr5mRT79k0M5nz3o6SUQpxS0t8jsSAgK', NULL, '2017-02-24 01:16:09'),
(19, 'Adam Kusumah', 'adam@gmail.com', 'Pegawai', '$2y$10$D7EuS6ZcBVpfiSQUP8/.nOXhMBApe0HkHzrwY9Zv7QOdWyjCq6XYK', NULL, '2017-02-23 09:27:42', '2017-02-24 06:54:04'),
(20, 'Andrian', 'andrian@gmail.com', 'Pegawai', '$2y$10$yTPhp/mBcbv6ZsNr7pEdn.8R5t4Mpj7.3Rj9akeH4UTqsBNLBkQW.', '3RYSOKdt1UZn3nOevn3n3midVfgSffm5z4ZCTbFeGMeZwpjxrmZeMTecvRdo', '2017-02-23 09:44:49', '2017-02-24 06:54:09'),
(21, 'Asep Rijal', 'asep@gmail.com', 'Pegawai', '$2y$10$aToEMX/tuOSIxgmFC84O8unzCILD3EY1PiyCbm0siEoamtUK7XCkC', NULL, '2017-02-24 04:24:27', '2017-02-24 04:24:27');

--
-- Indexes for dumped tables
--

--
-- Indexes for table `golongans`
--
ALTER TABLE `golongans`
  ADD PRIMARY KEY (`id`),
  ADD UNIQUE KEY `golongans_kode_golongan_unique` (`kode_golongan`);

--
-- Indexes for table `jabatans`
--
ALTER TABLE `jabatans`
  ADD PRIMARY KEY (`id`),
  ADD UNIQUE KEY `jabatans_kode_jabatan_unique` (`kode_jabatan`);

--
-- Indexes for table `kategori_lemburs`
--
ALTER TABLE `kategori_lemburs`
  ADD PRIMARY KEY (`id`),
  ADD UNIQUE KEY `kategori_lemburs_kode_lembur_unique` (`kode_lembur`),
  ADD KEY `kategori_lemburs_jabatan_id_foreign` (`jabatan_id`),
  ADD KEY `kategori_lemburs_golongan_id_foreign` (`golongan_id`);

--
-- Indexes for table `lembur_pegawais`
--
ALTER TABLE `lembur_pegawais`
  ADD PRIMARY KEY (`id`),
  ADD KEY `lembur_pegawais_kode_lembur_id_foreign` (`kode_lembur_id`),
  ADD KEY `lembur_pegawais_pegawai_id_foreign` (`pegawai_id`);

--
-- Indexes for table `migrations`
--
ALTER TABLE `migrations`
  ADD PRIMARY KEY (`id`);

--
-- Indexes for table `password_resets`
--
ALTER TABLE `password_resets`
  ADD KEY `password_resets_email_index` (`email`),
  ADD KEY `password_resets_token_index` (`token`);

--
-- Indexes for table `pegawais`
--
ALTER TABLE `pegawais`
  ADD PRIMARY KEY (`id`),
  ADD UNIQUE KEY `pegawais_nip_unique` (`nip`),
  ADD UNIQUE KEY `pegawais_user_id_unique` (`user_id`),
  ADD KEY `pegawais_jabatan_id_foreign` (`jabatan_id`),
  ADD KEY `pegawais_golongan_id_foreign` (`golongan_id`);

--
-- Indexes for table `penggajians`
--
ALTER TABLE `penggajians`
  ADD PRIMARY KEY (`id`),
  ADD KEY `penggajians_tunjangan_pegawai_id_foreign` (`tunjangan_pegawai_id`);

--
-- Indexes for table `tunjangans`
--
ALTER TABLE `tunjangans`
  ADD PRIMARY KEY (`id`),
  ADD UNIQUE KEY `tunjangans_kode_tunjangan_unique` (`kode_tunjangan`),
  ADD KEY `tunjangans_jabatan_id_foreign` (`jabatan_id`),
  ADD KEY `tunjangans_golongan_id_foreign` (`golongan_id`);

--
-- Indexes for table `tunjangan_pegawais`
--
ALTER TABLE `tunjangan_pegawais`
  ADD PRIMARY KEY (`id`),
  ADD UNIQUE KEY `tunjangan_pegawais_pegawai_id_unique` (`pegawai_id`),
  ADD KEY `tunjangan_pegawais_kode_tunjangan_id_foreign` (`kode_tunjangan_id`);

--
-- Indexes for table `users`
--
ALTER TABLE `users`
  ADD PRIMARY KEY (`id`),
  ADD UNIQUE KEY `users_email_unique` (`email`);

--
-- AUTO_INCREMENT for dumped tables
--

--
-- AUTO_INCREMENT for table `golongans`
--
ALTER TABLE `golongans`
  MODIFY `id` int(10) UNSIGNED NOT NULL AUTO_INCREMENT, AUTO_INCREMENT=4;
--
-- AUTO_INCREMENT for table `jabatans`
--
ALTER TABLE `jabatans`
  MODIFY `id` int(10) UNSIGNED NOT NULL AUTO_INCREMENT, AUTO_INCREMENT=4;
--
-- AUTO_INCREMENT for table `kategori_lemburs`
--
ALTER TABLE `kategori_lemburs`
  MODIFY `id` int(10) UNSIGNED NOT NULL AUTO_INCREMENT, AUTO_INCREMENT=7;
--
-- AUTO_INCREMENT for table `lembur_pegawais`
--
ALTER TABLE `lembur_pegawais`
  MODIFY `id` int(10) UNSIGNED NOT NULL AUTO_INCREMENT, AUTO_INCREMENT=17;
--
-- AUTO_INCREMENT for table `migrations`
--
ALTER TABLE `migrations`
  MODIFY `id` int(10) UNSIGNED NOT NULL AUTO_INCREMENT, AUTO_INCREMENT=11;
--
-- AUTO_INCREMENT for table `pegawais`
--
ALTER TABLE `pegawais`
  MODIFY `id` int(10) UNSIGNED NOT NULL AUTO_INCREMENT, AUTO_INCREMENT=17;
--
-- AUTO_INCREMENT for table `penggajians`
--
ALTER TABLE `penggajians`
  MODIFY `id` int(10) UNSIGNED NOT NULL AUTO_INCREMENT, AUTO_INCREMENT=26;
--
-- AUTO_INCREMENT for table `tunjangans`
--
ALTER TABLE `tunjangans`
  MODIFY `id` int(10) UNSIGNED NOT NULL AUTO_INCREMENT, AUTO_INCREMENT=6;
--
-- AUTO_INCREMENT for table `tunjangan_pegawais`
--
ALTER TABLE `tunjangan_pegawais`
  MODIFY `id` int(10) UNSIGNED NOT NULL AUTO_INCREMENT, AUTO_INCREMENT=11;
--
-- AUTO_INCREMENT for table `users`
--
ALTER TABLE `users`
  MODIFY `id` int(10) UNSIGNED NOT NULL AUTO_INCREMENT, AUTO_INCREMENT=22;
--
-- Constraints for dumped tables
--

--
-- Constraints for table `kategori_lemburs`
--
ALTER TABLE `kategori_lemburs`
  ADD CONSTRAINT `kategori_lemburs_golongan_id_foreign` FOREIGN KEY (`golongan_id`) REFERENCES `golongans` (`id`) ON DELETE CASCADE ON UPDATE CASCADE,
  ADD CONSTRAINT `kategori_lemburs_jabatan_id_foreign` FOREIGN KEY (`jabatan_id`) REFERENCES `jabatans` (`id`) ON DELETE CASCADE ON UPDATE CASCADE;

--
-- Constraints for table `lembur_pegawais`
--
ALTER TABLE `lembur_pegawais`
  ADD CONSTRAINT `lembur_pegawais_kode_lembur_id_foreign` FOREIGN KEY (`kode_lembur_id`) REFERENCES `kategori_lemburs` (`id`) ON DELETE CASCADE ON UPDATE CASCADE,
  ADD CONSTRAINT `lembur_pegawais_pegawai_id_foreign` FOREIGN KEY (`pegawai_id`) REFERENCES `pegawais` (`id`) ON DELETE CASCADE ON UPDATE CASCADE;

--
-- Constraints for table `pegawais`
--
ALTER TABLE `pegawais`
  ADD CONSTRAINT `pegawais_golongan_id_foreign` FOREIGN KEY (`golongan_id`) REFERENCES `golongans` (`id`) ON DELETE CASCADE ON UPDATE CASCADE,
  ADD CONSTRAINT `pegawais_jabatan_id_foreign` FOREIGN KEY (`jabatan_id`) REFERENCES `jabatans` (`id`) ON DELETE CASCADE ON UPDATE CASCADE,
  ADD CONSTRAINT `pegawais_user_id_foreign` FOREIGN KEY (`user_id`) REFERENCES `users` (`id`) ON DELETE CASCADE ON UPDATE CASCADE;

--
-- Constraints for table `penggajians`
--
ALTER TABLE `penggajians`
  ADD CONSTRAINT `penggajians_tunjangan_pegawai_id_foreign` FOREIGN KEY (`tunjangan_pegawai_id`) REFERENCES `tunjangan_pegawais` (`id`) ON DELETE CASCADE ON UPDATE CASCADE;

--
-- Constraints for table `tunjangans`
--
ALTER TABLE `tunjangans`
  ADD CONSTRAINT `tunjangans_golongan_id_foreign` FOREIGN KEY (`golongan_id`) REFERENCES `golongans` (`id`) ON DELETE CASCADE ON UPDATE CASCADE,
  ADD CONSTRAINT `tunjangans_jabatan_id_foreign` FOREIGN KEY (`jabatan_id`) REFERENCES `jabatans` (`id`) ON DELETE CASCADE ON UPDATE CASCADE;

--
-- Constraints for table `tunjangan_pegawais`
--
ALTER TABLE `tunjangan_pegawais`
  ADD CONSTRAINT `tunjangan_pegawais_kode_tunjangan_id_foreign` FOREIGN KEY (`kode_tunjangan_id`) REFERENCES `tunjangans` (`id`) ON DELETE CASCADE ON UPDATE CASCADE,
  ADD CONSTRAINT `tunjangan_pegawais_pegawai_id_foreign` FOREIGN KEY (`pegawai_id`) REFERENCES `pegawais` (`id`) ON DELETE CASCADE ON UPDATE CASCADE;

/*!40101 SET CHARACTER_SET_CLIENT=@OLD_CHARACTER_SET_CLIENT */;
/*!40101 SET CHARACTER_SET_RESULTS=@OLD_CHARACTER_SET_RESULTS */;
/*!40101 SET COLLATION_CONNECTION=@OLD_COLLATION_CONNECTION */;
